generationTime,name,rawValue,engValue
1.0,s1,20,32.081330699
2.0,s2,20,48.4640562089
2.0,s1,1,48.4640562089
4.0,s1,1,48.4640562089
6.0,s1,2,48.4640562089
8.0,s1,3,48.4640562089
11.0,s2,1,48.4640562089
18.0,s2,2,48.4640562089
18.0,s1,17,48.4640562089
19.0,s2,11,48.4640562089
